The Armada Group,"San Francisco, CA",SRE Lead,"/jobs/detail/SRE-Lead-The-Armada-Group-San-Francisco-CA-94107/armada/8153?icid=sr1-1p&q=ruby+rails&l=San Francisco, CA",2017-11-10T21:06:55Z
The Armada Group,"San Francisco, CA",SRE,"/jobs/detail/SRE-The-Armada-Group-San-Francisco-CA-94107/armada/8154?icid=sr2-1p&q=ruby+rails&l=San Francisco, CA",2017-11-10T21:09:52Z
Skyrocket Ventures,"San Francisco, CA",Sr. to Lead Ruby on Rails Software Engineer / Architect (up to $220k),"/jobs/detail/Sr.-to-Lead-Ruby-on-Rails-Software-Engineer-%26%2347-Architect-%28up-to-%24220k%29-Skyrocket-Ventures-San-Francisco-CA-94103/10366547/920876?icid=sr3-1p&q=ruby+rails&l=San Francisco, CA",2017-10-25T07:32:03Z
CyberCoders,"San Francisco, CA","Sr. Ruby Developer - Ruby On Rails, HTML5, CSS3","/jobs/detail/Sr.-Ruby-Developer-%26%2345-Ruby-On-Rails%2C-HTML5%2C-CSS3-CyberCoders-San-Francisco-CA-94101/cybercod/MM5%26%234514063996?icid=sr4-1p&q=ruby+rails&l=San Francisco, CA",2017-11-10T13:18:40Z
CyberCoders,"Oakland, CA","Full Stack Engineer - Ruby On Rails, Angular.js","/jobs/detail/Full-Stack-Engineer-%26%2345-Ruby-On-Rails%2C-Angular.js-CyberCoders-Oakland-CA-94601/cybercod/DM2%26%234514147601?icid=sr5-1p&q=ruby+rails&l=San Francisco, CA",2017-11-10T12:55:25Z
CyberCoders,"San Francisco, CA","Software Engineer - Ruby on Rails, D3.js","/jobs/detail/Software-Engineer-%26%2345-Ruby-on-Rails%2C-D3.js-CyberCoders-San-Francisco-CA-94101/cybercod/DM2%26%2345138626917?icid=sr6-1p&q=ruby+rails&l=San Francisco, CA",2017-11-10T12:51:26Z
Group A LLC,"San Francisco, CA",Senior Engineer (Ruby on Rails),"/jobs/detail/Senior-Engineer-%28Ruby-on-Rails%29-Group-A-LLC-San-Francisco-CA-94111/10364869/179102?icid=sr7-1p&q=ruby+rails&l=San Francisco, CA",2017-11-08T01:46:01Z
Avesta Computer Services,"San Francisco, CA",Ruby on Rails Developer,"/jobs/detail/Ruby-on-Rails-Developer-Avesta-Computer-Services-San-Francisco-CA-94102/avesta/894842?icid=sr8-1p&q=ruby+rails&l=San Francisco, CA",2017-11-08T15:31:44Z
Avesta Computer Services,"San Francisco, CA",Ruby on Rails (RoR) Developer,"/jobs/detail/Ruby-on-Rails-%28RoR%29-Developer-Avesta-Computer-Services-San-Francisco-CA-94107/avesta/833959?icid=sr9-1p&q=ruby+rails&l=San Francisco, CA",2017-11-09T14:17:23Z
Indecomm Holding Inc - Technology Services,"San Francisco, CA",Ruby on Rails Developer,"/jobs/detail/Ruby-on-Rails-Developer-Indecomm-Holding-Inc-%26%2345-Technology-Services-San-Francisco-CA-94111/10122158/597?icid=sr10-1p&q=ruby+rails&l=San Francisco, CA",2017-11-08T15:05:50Z
Avesta Computer Services,"San Francisco, CA",Senior Engineer - Ruby on Rails,"/jobs/detail/Senior-Engineer-%26%2345-Ruby-on-Rails-Avesta-Computer-Services-San-Francisco-CA-94107/avesta/176748?icid=sr11-1p&q=ruby+rails&l=San Francisco, CA",2017-11-09T17:15:56Z
CyberCoders,"San Carlos, CA",Principal Ruby on Rails Engineer,"/jobs/detail/Principal-Ruby-on-Rails-Engineer-CyberCoders-San-Carlos-CA-94070/cybercod/AC%26%2345Principal%26%2345SanCarlos1?icid=sr12-1p&q=ruby+rails&l=San Francisco, CA",2017-11-10T13:12:17Z
CyberCoders,"Palo Alto, CA",Ruby on Rails Software Engineer,"/jobs/detail/Ruby-on-Rails-Software-Engineer-CyberCoders-Palo-Alto-CA-94301/cybercod/AC%26%2345Ruby%26%2345SouthBay18?icid=sr13-1p&q=ruby+rails&l=San Francisco, CA",2017-11-10T13:17:19Z
The Armada Group,"San Francisco, CA",Ruby on Rails Engineer,"/jobs/detail/Ruby-on-Rails-Engineer-The-Armada-Group-San-Francisco-CA-94107/armada/8155?icid=sr14-1p&q=ruby+rails&l=San Francisco, CA",2017-11-10T21:07:08Z
Avesta Computer Services,"San Francisco, CA",Ruby on Rails Developer,"/jobs/detail/Ruby-on-Rails-Developer-Avesta-Computer-Services-San-Francisco-CA-94101/avesta/183228?icid=sr15-1p&q=ruby+rails&l=San Francisco, CA",2017-11-08T16:38:05Z
Artech Information Systems,"San Francisco, CA",Sr. Ruby on Rails,"/jobs/detail/Sr.-Ruby-on-Rails-Artech-Information-Systems-San-Francisco-CA-94107/artech/225600?icid=sr16-1p&q=ruby+rails&l=San Francisco, CA",2017-11-10T18:32:21Z
Avesta Computer Services,"San Francisco, CA",Ruby on Rails Engineer (PERM),"/jobs/detail/Ruby-on-Rails-Engineer-%28PERM%29-Avesta-Computer-Services-San-Francisco-CA-94107/avesta/RROR0217?icid=sr17-1p&q=ruby+rails&l=San Francisco, CA",2017-11-10T21:31:10Z
Riderflex,"San Francisco, CA",Full Stack Rails Developer,"/jobs/detail/Full-Stack-Rails-Developer-Riderflex-San-Francisco-CA-94104/RTX1c0c76/203150?icid=sr18-1p&q=ruby+rails&l=San Francisco, CA",2017-10-22T03:29:47Z
CyberCoders,"San Francisco, CA","Senior Backend Developer - Java/Ruby - Java, Spring, SQL","/jobs/detail/Senior-Backend-Developer-%26%2345-Java%26%2347Ruby-%26%2345-Java%2C-Spring%2C-SQL-CyberCoders-San-Francisco-CA-94101/cybercod/TO1%26%234514077315?icid=sr19-1p&q=ruby+rails&l=San Francisco, CA",2017-11-10T12:56:38Z
CyberCoders,"San Francisco, CA","Senior Backend Developer - Java/Ruby - Java, Spring, Ruby","/jobs/detail/Senior-Backend-Developer-%26%2345-Java%26%2347Ruby-%26%2345-Java%2C-Spring%2C-Ruby-CyberCoders-San-Francisco-CA-94101/cybercod/TO1%26%234514072494?icid=sr20-1p&q=ruby+rails&l=San Francisco, CA",2017-11-10T12:58:13Z
G2i Inc,"San Francisco, CA",Senior React/Rails Engineer,"/jobs/detail/Senior-React%26%2347Rails-Engineer-G2i-Inc-San-Francisco-CA-94102/RTX1c4650/198610?icid=sr21-1p&q=ruby+rails&l=San Francisco, CA",2017-10-18T04:15:57Z
ThredUp,"San Francisco, CA",Sr. Rails API Engineer,"/jobs/detail/Sr.-Rails-API-Engineer-ThredUp-San-Francisco-CA-94104/10472350/159179?icid=sr22-1p&q=ruby+rails&l=San Francisco, CA",2017-10-25T23:19:00Z
CyberCoders,"San Francisco, CA","Full-Stack Developer - Ruby, JavaScript","/jobs/detail/Full%26%2345Stack-Developer-%26%2345-Ruby%2C-JavaScript-CyberCoders-San-Francisco-CA-94101/cybercod/RT2%26%234514112413?icid=sr23-1p&q=ruby+rails&l=San Francisco, CA",2017-11-10T12:48:52Z
CyberCoders,"San Francisco, CA","Full-Stack Engineer - Ruby, JavaScript","/jobs/detail/Full%26%2345Stack-Engineer-%26%2345-Ruby%2C-JavaScript-CyberCoders-San-Francisco-CA-94101/cybercod/RT2%26%234514101413?icid=sr24-1p&q=ruby+rails&l=San Francisco, CA",2017-11-10T13:09:50Z
CyberCoders,"San Francisco, CA",Senior Platform Engineer - Ruby/Scala,"/jobs/detail/Senior-Platform-Engineer-%26%2345-Ruby%26%2347Scala-CyberCoders-San-Francisco-CA-94101/cybercod/AC%26%2345PlatformRuby%26%2345SF5?icid=sr25-1p&q=ruby+rails&l=San Francisco, CA",2017-11-10T13:12:53Z
CyberCoders,"Palo Alto, CA",Senior Backend Engineer - Ruby/APIs,"/jobs/detail/Senior-Backend-Engineer-%26%2345-Ruby%26%2347APIs-CyberCoders-Palo-Alto-CA-94301/cybercod/JC9%26%2345139832011?icid=sr26-1p&q=ruby+rails&l=San Francisco, CA",2017-11-10T12:52:07Z
CyberCoders,"San Francisco, CA",Senior Rails Developer for disruptive SF venture based startup,"/jobs/detail/Senior-Rails-Developer-for-disruptive-SF-venture-based-startup-CyberCoders-San-Francisco-CA-94101/cybercod/LS3%26%234513762028?icid=sr27-1p&q=ruby+rails&l=San Francisco, CA",2017-11-10T12:50:25Z
JD Strategies,"San Francisco, CA",server-side rails developer,"/jobs/detail/server%26%2345side-rails-developer-JD-Strategies-San-Francisco-CA-94108/10109953/223348?icid=sr28-1p&q=ruby+rails&l=San Francisco, CA",2017-11-07T01:46:14Z
eQuest Solutions,"San Mateo, CA","SDET / Software Engineer in Test / QE (Python, Java or Ruby)","/jobs/detail/SDET-%26%2347-Software-Engineer-in-Test-%26%2347-QE-%28Python%2C-Java-or-Ruby%29-eQuest-Solutions-San-Mateo-CA-94401/equest/402?icid=sr29-1p&q=ruby+rails&l=San Francisco, CA",2017-11-11T01:34:21Z
CyberCoders,"San Francisco, CA","Sr. DevOps Engineer - AWS, Puppet/Chef, Bash/Python/Ruby","/jobs/detail/Sr.-DevOps-Engineer-%26%2345-AWS%2C-Puppet%26%2347Chef%2C-Bash%26%2347Python%26%2347Ruby-CyberCoders-San-Francisco-CA-94101/cybercod/EB5%26%234514073205?icid=sr30-1p&q=ruby+rails&l=San Francisco, CA",2017-11-10T13:19:36Z
